year,month,Province,City,Location,Search_Volume
2024,1,충청남도,공주시,,20466
2024,2,충청남도,공주시,,21763
2024,3,충청남도,공주시,,23553
2024,4,충청남도,공주시,,26274
2024,5,충청남도,공주시,,29286
2024,6,충청남도,공주시,,26884
2024,7,충청남도,공주시,,27225
2024,8,충청남도,공주시,,27940
2024,9,충청남도,공주시,,27963
2024,10,충청남도,공주시,,26029
2023,1,충청남도,공주시,,17573
2023,2,충청남도,공주시,,18753
2023,3,충청남도,공주시,,23116
2023,4,충청남도,공주시,,21771
2023,5,충청남도,공주시,,25922
2023,6,충청남도,공주시,,25345
2023,7,충청남도,공주시,,26766
2023,8,충청남도,공주시,,28185
2023,9,충청남도,공주시,,26729
2023,10,충청남도,공주시,,28836
2023,11,충청남도,공주시,,22575
2023,12,충청남도,공주시,,18987
2022,1,충청남도,공주시,,13858
2022,2,충청남도,공주시,,11128
2022,3,충청남도,공주시,,13311
2022,4,충청남도,공주시,,14229
2022,5,충청남도,공주시,,19589
2022,6,충청남도,공주시,,18928
2022,7,충청남도,공주시,,18668
2022,8,충청남도,공주시,,21739
2022,9,충청남도,공주시,,21981
2022,10,충청남도,공주시,,22424
2022,11,충청남도,공주시,,21363
2022,12,충청남도,공주시,,17229
2021,1,충청남도,공주시,,10222
2021,2,충청남도,공주시,,11164
2021,3,충청남도,공주시,,11993
2021,4,충청남도,공주시,,14634
2021,5,충청남도,공주시,,16241
2021,6,충청남도,공주시,,16692
2021,7,충청남도,공주시,,17143
2021,8,충청남도,공주시,,17725
2021,9,충청남도,공주시,,16991
2021,10,충청남도,공주시,,17315
2021,11,충청남도,공주시,,17157
2021,12,충청남도,공주시,,16422
2020,1,충청남도,공주시,,10373
2020,2,충청남도,공주시,,11073
2020,3,충청남도,공주시,,12483
2020,4,충청남도,공주시,,12920
2020,5,충청남도,공주시,,13647
2020,6,충청남도,공주시,,13706
2020,7,충청남도,공주시,,13818
2020,8,충청남도,공주시,,13565
2020,9,충청남도,공주시,,13070
2020,10,충청남도,공주시,,15053
2020,11,충청남도,공주시,,14931
2020,12,충청남도,공주시,,12764
2019,1,충청남도,공주시,,11923
2019,2,충청남도,공주시,,9819
2019,3,충청남도,공주시,,13445
2019,4,충청남도,공주시,,13659
2019,5,충청남도,공주시,,12857
2019,6,충청남도,공주시,,15241
2019,7,충청남도,공주시,,12625
2019,8,충청남도,공주시,,14154
2019,9,충청남도,공주시,,13773
2019,10,충청남도,공주시,,14941
2019,11,충청남도,공주시,,12273
2019,12,충청남도,공주시,,14412
2019,1,충청북도,괴산군,,4840
2019,2,충청북도,괴산군,,4885
2019,3,충청북도,괴산군,,6378
2019,4,충청북도,괴산군,,5538
2019,5,충청북도,괴산군,,6419
2019,6,충청북도,괴산군,,6787
2019,7,충청북도,괴산군,,8316
2019,8,충청북도,괴산군,,6443
2019,9,충청북도,괴산군,,4983
2019,10,충청북도,괴산군,,7808
2019,11,충청북도,괴산군,,6240
2019,12,충청북도,괴산군,,5836
2020,1,충청북도,괴산군,,6227
2020,2,충청북도,괴산군,,3399
2020,3,충청북도,괴산군,,18184
2020,4,충청북도,괴산군,,8968
2020,5,충청북도,괴산군,,7820
2020,6,충청북도,괴산군,,7578
2020,7,충청북도,괴산군,,7998
2020,8,충청북도,괴산군,,7209
2020,9,충청북도,괴산군,,6428
2020,10,충청북도,괴산군,,7539
2020,11,충청북도,괴산군,,6292
2020,12,충청북도,괴산군,,8251
2021,1,충청북도,괴산군,,5437
2021,2,충청북도,괴산군,,4180
2021,3,충청북도,괴산군,,5178
2021,4,충청북도,괴산군,,7764
2021,5,충청북도,괴산군,,9609
2021,6,충청북도,괴산군,,7961
2021,7,충청북도,괴산군,,9049
2021,8,충청북도,괴산군,,9988
2021,9,충청북도,괴산군,,7783
2021,10,충청북도,괴산군,,8136
2021,11,충청북도,괴산군,,8895
2021,12,충청북도,괴산군,,8740
2022,1,충청북도,괴산군,,5400
2022,2,충청북도,괴산군,,3943
2022,3,충청북도,괴산군,,4698
2022,4,충청북도,괴산군,,6255
2022,5,충청북도,괴산군,,7972
2022,6,충청북도,괴산군,,9906
2022,7,충청북도,괴산군,,9901
2022,8,충청북도,괴산군,,9914
2022,9,충청북도,괴산군,,9468
2022,10,충청북도,괴산군,,12513
2022,11,충청북도,괴산군,,10042
2022,12,충청북도,괴산군,,7888
2023,1,충청북도,괴산군,,7507
2023,2,충청북도,괴산군,,5936
2023,3,충청북도,괴산군,,9173
2023,4,충청북도,괴산군,,8297
2023,5,충청북도,괴산군,,11518
2023,6,충청북도,괴산군,,9873
2023,7,충청북도,괴산군,,15115
2023,8,충청북도,괴산군,,14184
2023,9,충청북도,괴산군,,8686
2023,10,충청북도,괴산군,,10222
2023,11,충청북도,괴산군,,9284
2023,12,충청북도,괴산군,,6813
2024,1,충청북도,괴산군,,6303
2024,2,충청북도,괴산군,,7607
2024,3,충청북도,괴산군,,9114
2024,4,충청북도,괴산군,,9576
2024,5,충청북도,괴산군,,10373
2024,6,충청북도,괴산군,,10921
2024,7,충청북도,괴산군,,11755
2024,8,충청북도,괴산군,,12749
2024,9,충청북도,괴산군,,11326
2024,10,충청북도,괴산군,,14588
2019,1,충청남도,금산군,,3864
2019,2,충청남도,금산군,,3230
2019,3,충청남도,금산군,,3847
2019,4,충청남도,금산군,,4128
2019,5,충청남도,금산군,,4773
2019,6,충청남도,금산군,,4177
2019,7,충청남도,금산군,,5329
2019,8,충청남도,금산군,,4473
2019,9,충청남도,금산군,,3949
2019,10,충청남도,금산군,,4124
2019,11,충청남도,금산군,,3583
2019,12,충청남도,금산군,,4079
2021,1,충청남도,금산군,,3147
2021,2,충청남도,금산군,,3731
2021,3,충청남도,금산군,,2991
2021,4,충청남도,금산군,,4379
2021,5,충청남도,금산군,,5804
2021,6,충청남도,금산군,,3876
2021,7,충청남도,금산군,,5021
2021,8,충청남도,금산군,,4787
2021,9,충청남도,금산군,,4453
2021,10,충청남도,금산군,,4363
2021,11,충청남도,금산군,,4918
2021,12,충청남도,금산군,,5021
2022,1,충청남도,금산군,,3478
2022,2,충청남도,금산군,,3427
2022,3,충청남도,금산군,,3638
2022,4,충청남도,금산군,,4025
2022,5,충청남도,금산군,,6286
2022,6,충청남도,금산군,,5652
2022,7,충청남도,금산군,,5210
2022,8,충청남도,금산군,,6421
2022,9,충청남도,금산군,,6385
2022,10,충청남도,금산군,,6881
2022,11,충청남도,금산군,,6283
2022,12,충청남도,금산군,,5157
2023,1,충청남도,금산군,,5038
2023,2,충청남도,금산군,,4194
2023,3,충청남도,금산군,,8431
2023,4,충청남도,금산군,,8603
2023,5,충청남도,금산군,,7196
2023,6,충청남도,금산군,,6562
2023,7,충청남도,금산군,,6463
2023,8,충청남도,금산군,,7744
2023,9,충청남도,금산군,,8631
2023,10,충청남도,금산군,,8889
2023,11,충청남도,금산군,,6834
2023,12,충청남도,금산군,,5319
2024,1,충청남도,금산군,,5399
2024,2,충청남도,금산군,,4681
2024,3,충청남도,금산군,,6132
2024,4,충청남도,금산군,,7335
2024,5,충청남도,금산군,,6978
2024,6,충청남도,금산군,,6350
2024,7,충청남도,금산군,,8537
2024,8,충청남도,금산군,,8585
2024,9,충청남도,금산군,,6379
2024,10,충청남도,금산군,,8006
2020,1,충청남도,금산군,,3531
2020,2,충청남도,금산군,,3025
2020,3,충청남도,금산군,,3180
2020,4,충청남도,금산군,,3789
2020,5,충청남도,금산군,,3655
2020,6,충청남도,금산군,,3850
2020,7,충청남도,금산군,,4987
2020,8,충청남도,금산군,,5518
2020,9,충청남도,금산군,,5693
2020,10,충청남도,금산군,,4758
2020,11,충청남도,금산군,,4569
2020,12,충청남도,금산군,,4502
2019,1,충청남도,논산시,,6148
2019,2,충청남도,논산시,,5310
2019,3,충청남도,논산시,,7939
2019,4,충청남도,논산시,,6386
2019,5,충청남도,논산시,,9488
2019,6,충청남도,논산시,,7710
2019,7,충청남도,논산시,,7171
2019,8,충청남도,논산시,,7636
2019,9,충청남도,논산시,,5820
2019,10,충청남도,논산시,,5677
2019,11,충청남도,논산시,,9206
2019,12,충청남도,논산시,,7993
2020,1,충청남도,논산시,,6583
2020,2,충청남도,논산시,,5810
2020,3,충청남도,논산시,,6444
2020,4,충청남도,논산시,,10131
2020,5,충청남도,논산시,,6674
2020,6,충청남도,논산시,,8058
2020,7,충청남도,논산시,,6829
2020,8,충청남도,논산시,,7207
2020,9,충청남도,논산시,,7434
2020,10,충청남도,논산시,,7528
2020,11,충청남도,논산시,,8130
2020,12,충청남도,논산시,,7137
2021,1,충청남도,논산시,,4769
2022,1,충청남도,논산시,,6159
2022,2,충청남도,논산시,,6455
2022,3,충청남도,논산시,,6608
2022,4,충청남도,논산시,,6096
2022,5,충청남도,논산시,,9418
2022,6,충청남도,논산시,,8055
2022,7,충청남도,논산시,,7772
2022,8,충청남도,논산시,,9126
2022,9,충청남도,논산시,,8022
2022,10,충청남도,논산시,,9161
2022,11,충청남도,논산시,,10389
2022,12,충청남도,논산시,,8339
2023,1,충청남도,논산시,,8528
2023,2,충청남도,논산시,,8910
2023,3,충청남도,논산시,,11037
2023,4,충청남도,논산시,,10187
2023,5,충청남도,논산시,,10840
2023,6,충청남도,논산시,,11325
2023,7,충청남도,논산시,,14339
2023,8,충청남도,논산시,,12826
2023,9,충청남도,논산시,,11153
2023,10,충청남도,논산시,,12382
2023,11,충청남도,논산시,,11324
2023,12,충청남도,논산시,,11589
2024,1,충청남도,논산시,,11182
2024,2,충청남도,논산시,,10054
2024,3,충청남도,논산시,,14554
2024,4,충청남도,논산시,,14732
2024,5,충청남도,논산시,,15317
2024,6,충청남도,논산시,,13156
2024,7,충청남도,논산시,,15554
2024,8,충청남도,논산시,,13301
2024,9,충청남도,논산시,,10987
2024,10,충청남도,논산시,,12002
2019,1,충청남도,보령시,,7476
2019,2,충청남도,보령시,,7321
2019,3,충청남도,보령시,,9081
2019,4,충청남도,보령시,,7420
2019,5,충청남도,보령시,,8643
2019,6,충청남도,보령시,,10759
2019,7,충청남도,보령시,,13509
2019,8,충청남도,보령시,,11088
2019,9,충청남도,보령시,,10400
2019,10,충청남도,보령시,,9861
2019,11,충청남도,보령시,,8248
2019,12,충청남도,보령시,,10535
2020,1,충청남도,보령시,,8275
2020,2,충청남도,보령시,,5934
2020,3,충청남도,보령시,,7251
2020,4,충청남도,보령시,,8525
2020,5,충청남도,보령시,,9535
2020,6,충청남도,보령시,,9892
2020,7,충청남도,보령시,,11369
2020,8,충청남도,보령시,,10164
2020,9,충청남도,보령시,,12885
2020,10,충청남도,보령시,,10663
2020,11,충청남도,보령시,,9729
2020,12,충청남도,보령시,,9796
2021,1,충청남도,보령시,,6071
2021,2,충청남도,보령시,,5687
2021,3,충청남도,보령시,,7601
2021,4,충청남도,보령시,,9561
2021,5,충청남도,보령시,,10171
2021,6,충청남도,보령시,,11007
2021,7,충청남도,보령시,,11201
2021,8,충청남도,보령시,,10984
2021,9,충청남도,보령시,,11038
2021,10,충청남도,보령시,,12587
2021,11,충청남도,보령시,,12618
2021,12,충청남도,보령시,,11591
2022,1,충청남도,보령시,,8042
2022,2,충청남도,보령시,,6969
2022,3,충청남도,보령시,,8131
2022,4,충청남도,보령시,,9396
2022,5,충청남도,보령시,,13709
2022,6,충청남도,보령시,,14199
2022,7,충청남도,보령시,,18474
2022,8,충청남도,보령시,,18502
2022,9,충청남도,보령시,,16262
2022,10,충청남도,보령시,,14676
2022,11,충청남도,보령시,,12757
2022,12,충청남도,보령시,,11746
2023,1,충청남도,보령시,,11685
2023,2,충청남도,보령시,,12946
2023,3,충청남도,보령시,,15248
2023,4,충청남도,보령시,,17927
2023,5,충청남도,보령시,,21225
2023,6,충청남도,보령시,,21851
2023,7,충청남도,보령시,,27192
2023,8,충청남도,보령시,,27813
2023,9,충청남도,보령시,,24585
2023,10,충청남도,보령시,,25646
2023,11,충청남도,보령시,,20866
2023,12,충청남도,보령시,,17136
2024,1,충청남도,보령시,,19118
2024,2,충청남도,보령시,,15640
2024,3,충청남도,보령시,,18186
2024,4,충청남도,보령시,,18998
2024,5,충청남도,보령시,,20164
2024,6,충청남도,보령시,,20585
2024,7,충청남도,보령시,,25291
2024,8,충청남도,보령시,,22137
2024,9,충청남도,보령시,,16215
2024,10,충청남도,보령시,,16637
2019,1,충청남도,서산시,,11392
2019,2,충청남도,서산시,,15939
2019,3,충청남도,서산시,,12080
2019,4,충청남도,서산시,,12641
2019,5,충청남도,서산시,,15823
2019,6,충청남도,서산시,,13394
2019,7,충청남도,서산시,,12022
2019,8,충청남도,서산시,,10947
2019,9,충청남도,서산시,,9951
2019,10,충청남도,서산시,,12916
2019,11,충청남도,서산시,,10741
2019,12,충청남도,서산시,,11221
2020,1,충청남도,서산시,,8521
2020,2,충청남도,서산시,,8530
2020,3,충청남도,서산시,,13656
2020,4,충청남도,서산시,,13142
2020,5,충청남도,서산시,,16147
2020,6,충청남도,서산시,,11746
2020,7,충청남도,서산시,,12689
2020,8,충청남도,서산시,,12409
2020,9,충청남도,서산시,,11003
2020,10,충청남도,서산시,,11418
2020,11,충청남도,서산시,,11595
2020,12,충청남도,서산시,,13480
2021,1,충청남도,서산시,,7851
2021,2,충청남도,서산시,,7845
2021,3,충청남도,서산시,,10136
2021,4,충청남도,서산시,,15337
2021,5,충청남도,서산시,,14939
2021,6,충청남도,서산시,,16123
2021,7,충청남도,서산시,,12011
2021,8,충청남도,서산시,,12842
2021,9,충청남도,서산시,,12483
2021,10,충청남도,서산시,,12148
2021,11,충청남도,서산시,,14596
2021,12,충청남도,서산시,,14588
2022,1,충청남도,서산시,,10602
2022,2,충청남도,서산시,,9146
2022,3,충청남도,서산시,,11440
2022,4,충청남도,서산시,,14448
2022,5,충청남도,서산시,,16785
2022,6,충청남도,서산시,,15314
2022,7,충청남도,서산시,,16003
2022,8,충청남도,서산시,,17335
2022,9,충청남도,서산시,,17685
2022,10,충청남도,서산시,,18301
2022,11,충청남도,서산시,,16706
2022,12,충청남도,서산시,,15354
2023,1,충청남도,서산시,,15680
2023,2,충청남도,서산시,,16509
2023,3,충청남도,서산시,,20930
2023,4,충청남도,서산시,,21628
2023,5,충청남도,서산시,,23540
2023,6,충청남도,서산시,,21307
2023,7,충청남도,서산시,,20901
2023,8,충청남도,서산시,,21751
2023,9,충청남도,서산시,,20479
2023,10,충청남도,서산시,,21181
2023,11,충청남도,서산시,,21725
2023,12,충청남도,서산시,,20673
2024,1,충청남도,서산시,,19463
2024,2,충청남도,서산시,,20505
2024,3,충청남도,서산시,,24912
2024,4,충청남도,서산시,,30374
2024,5,충청남도,서산시,,24760
2024,6,충청남도,서산시,,24300
2024,7,충청남도,서산시,,24793
2024,8,충청남도,서산시,,22440
2024,9,충청남도,서산시,,21777
2024,10,충청남도,서산시,,21725
2019,1,충청남도,서천군,,5625
2019,2,충청남도,서천군,,3698
2019,3,충청남도,서천군,,6155
2019,4,충청남도,서천군,,5664
2019,5,충청남도,서천군,,6949
2019,6,충청남도,서천군,,5300
2019,7,충청남도,서천군,,5456
2019,8,충청남도,서천군,,6094
2019,9,충청남도,서천군,,5404
2019,10,충청남도,서천군,,5250
2019,11,충청남도,서천군,,4991
2019,12,충청남도,서천군,,7967
2020,1,충청남도,서천군,,3804
2020,2,충청남도,서천군,,3990
2020,3,충청남도,서천군,,3573
2020,4,충청남도,서천군,,3782
2020,5,충청남도,서천군,,4977
2020,6,충청남도,서천군,,4235
2020,7,충청남도,서천군,,5105
2020,8,충청남도,서천군,,5305
2020,9,충청남도,서천군,,5229
2020,10,충청남도,서천군,,5551
2020,11,충청남도,서천군,,4677
2020,12,충청남도,서천군,,4978
2021,1,충청남도,서천군,,3195
2021,2,충청남도,서천군,,3100
2021,3,충청남도,서천군,,3778
2021,4,충청남도,서천군,,5242
2021,5,충청남도,서천군,,6341
2021,6,충청남도,서천군,,6062
2021,7,충청남도,서천군,,5617
2021,8,충청남도,서천군,,5912
2021,9,충청남도,서천군,,6410
2021,10,충청남도,서천군,,6183
2021,11,충청남도,서천군,,7004
2021,12,충청남도,서천군,,5683
2022,1,충청남도,서천군,,3683
2022,2,충청남도,서천군,,3370
2022,3,충청남도,서천군,,3859
2022,4,충청남도,서천군,,5490
2022,5,충청남도,서천군,,6500
2022,6,충청남도,서천군,,8430
2022,7,충청남도,서천군,,6453
2022,8,충청남도,서천군,,7589
2022,9,충청남도,서천군,,8935
2022,10,충청남도,서천군,,7469
2022,11,충청남도,서천군,,6319
2022,12,충청남도,서천군,,6295
2023,1,충청남도,서천군,,5449
2023,2,충청남도,서천군,,5618
2023,3,충청남도,서천군,,8468
2023,4,충청남도,서천군,,7681
2023,5,충청남도,서천군,,9846
2023,6,충청남도,서천군,,8082
2023,7,충청남도,서천군,,7923
2023,8,충청남도,서천군,,8035
2023,9,충청남도,서천군,,8256
2023,10,충청남도,서천군,,7586
2023,11,충청남도,서천군,,6708
2023,12,충청남도,서천군,,5199
2024,1,충청남도,서천군,,8043
2024,2,충청남도,서천군,,7633
2024,3,충청남도,서천군,,9120
2024,4,충청남도,서천군,,8312
2024,5,충청남도,서천군,,7430
2024,6,충청남도,서천군,,8246
2024,7,충청남도,서천군,,10409
2024,8,충청남도,서천군,,10803
2024,9,충청남도,서천군,,8814
2024,10,충청남도,서천군,,8902
2019,1,충청북도,영동군,,5267
2019,2,충청북도,영동군,,4795
2019,3,충청북도,영동군,,5770
2019,4,충청북도,영동군,,5580
2019,5,충청북도,영동군,,6141
2019,6,충청북도,영동군,,5371
2019,7,충청북도,영동군,,6438
2019,8,충청북도,영동군,,6840
2019,9,충청북도,영동군,,5361
2019,10,충청북도,영동군,,5072
2019,11,충청북도,영동군,,5458
2019,12,충청북도,영동군,,5136
2020,1,충청북도,영동군,,7356
2020,2,충청북도,영동군,,3641
2020,3,충청북도,영동군,,15022
2020,4,충청북도,영동군,,7723
2020,5,충청북도,영동군,,4629
2020,6,충청북도,영동군,,5147
2020,7,충청북도,영동군,,5651
2020,8,충청북도,영동군,,6704
2020,9,충청북도,영동군,,6197
2020,10,충청북도,영동군,,5135
2020,11,충청북도,영동군,,5085
2020,12,충청북도,영동군,,6085
2021,1,충청북도,영동군,,3515
2021,2,충청북도,영동군,,4173
2021,3,충청북도,영동군,,4520
2021,4,충청북도,영동군,,5834
2021,5,충청북도,영동군,,6783
2021,6,충청북도,영동군,,6791
2021,7,충청북도,영동군,,6550
2021,8,충청북도,영동군,,7714
2021,9,충청북도,영동군,,6080
2021,10,충청북도,영동군,,8376
2021,11,충청북도,영동군,,9581
2021,12,충청북도,영동군,,9048
2022,1,충청북도,영동군,,6226
2022,2,충청북도,영동군,,3830
2022,3,충청북도,영동군,,4572
2022,4,충청북도,영동군,,4549
2022,5,충청북도,영동군,,6836
2022,6,충청북도,영동군,,6510
2022,7,충청북도,영동군,,5790
2022,8,충청북도,영동군,,7385
2022,9,충청북도,영동군,,7125
2022,10,충청북도,영동군,,6324
2022,11,충청북도,영동군,,5832
2022,12,충청북도,영동군,,5235
2023,1,충청북도,영동군,,6876
2023,2,충청북도,영동군,,5166
2023,3,충청북도,영동군,,5762
2023,4,충청북도,영동군,,6521
2023,5,충청북도,영동군,,8537
2023,6,충청북도,영동군,,7216
2023,7,충청북도,영동군,,6059
2023,8,충청북도,영동군,,8478
2023,9,충청북도,영동군,,6052
2023,10,충청북도,영동군,,5909
2023,11,충청북도,영동군,,7613
2023,12,충청북도,영동군,,6095
2024,1,충청북도,영동군,,6096
2024,2,충청북도,영동군,,5748
2024,3,충청북도,영동군,,5459
2024,4,충청북도,영동군,,6600
2024,5,충청북도,영동군,,7524
2024,6,충청북도,영동군,,6366
2024,7,충청북도,영동군,,9179
2024,8,충청북도,영동군,,8610
2024,9,충청북도,영동군,,7123
2024,10,충청북도,영동군,,7773
2024,1,충청북도,옥천군,,5247
2024,2,충청북도,옥천군,,5857
2024,3,충청북도,옥천군,,6510
2024,4,충청북도,옥천군,,7483
2024,5,충청북도,옥천군,,8288
2024,6,충청북도,옥천군,,7388
2024,7,충청북도,옥천군,,10565
2024,8,충청북도,옥천군,,9617
2024,9,충청북도,옥천군,,7441
2024,10,충청북도,옥천군,,8770
2023,1,충청북도,옥천군,,5136
2023,2,충청북도,옥천군,,4669
2023,3,충청북도,옥천군,,7558
2023,4,충청북도,옥천군,,9347
2023,5,충청북도,옥천군,,9333
2023,6,충청북도,옥천군,,8232
2023,7,충청북도,옥천군,,7065
2023,8,충청북도,옥천군,,7179
2023,9,충청북도,옥천군,,6967
2023,10,충청북도,옥천군,,6318
2023,11,충청북도,옥천군,,7220
2023,12,충청북도,옥천군,,6822
2022,1,충청북도,옥천군,,4473
2022,2,충청북도,옥천군,,3478
2022,3,충청북도,옥천군,,4290
2022,4,충청북도,옥천군,,5705
2022,5,충청북도,옥천군,,7023
2022,6,충청북도,옥천군,,6835
2022,7,충청북도,옥천군,,6646
2022,8,충청북도,옥천군,,6861
2022,9,충청북도,옥천군,,6731
2022,10,충청북도,옥천군,,6180
2022,11,충청북도,옥천군,,6783
2022,12,충청북도,옥천군,,5770
2021,1,충청북도,옥천군,,3965
2021,2,충청북도,옥천군,,2978
2021,3,충청북도,옥천군,,3992
2021,4,충청북도,옥천군,,8585
2021,5,충청북도,옥천군,,6080
2021,6,충청북도,옥천군,,6377
2021,7,충청북도,옥천군,,6076
2021,8,충청북도,옥천군,,5631
2021,9,충청북도,옥천군,,6382
2021,10,충청북도,옥천군,,5706
2021,11,충청북도,옥천군,,6089
2021,12,충청북도,옥천군,,7317
2020,1,충청북도,옥천군,,5284
2020,2,충청북도,옥천군,,3018
2020,3,충청북도,옥천군,,18329
2020,4,충청북도,옥천군,,7241
2020,5,충청북도,옥천군,,5628
2020,6,충청북도,옥천군,,6854
2020,7,충청북도,옥천군,,6425
2020,8,충청북도,옥천군,,7326
2020,9,충청북도,옥천군,,5702
2020,10,충청북도,옥천군,,5632
2020,11,충청북도,옥천군,,5657
2020,12,충청북도,옥천군,,5033
2019,1,충청북도,옥천군,,4461
2019,2,충청북도,옥천군,,3768
2019,3,충청북도,옥천군,,5595
2019,4,충청북도,옥천군,,4892
2019,5,충청북도,옥천군,,6417
2019,6,충청북도,옥천군,,4755
2019,7,충청북도,옥천군,,5135
2019,8,충청북도,옥천군,,5300
2019,9,충청북도,옥천군,,4538
2019,10,충청북도,옥천군,,7684
2019,11,충청북도,옥천군,,5325
2019,12,충청북도,옥천군,,4270
2019,1,충청북도,음성군,,7682
2019,2,충청북도,음성군,,5897
2019,3,충청북도,음성군,,7531
2019,4,충청북도,음성군,,6320
2019,5,충청북도,음성군,,7109
2019,6,충청북도,음성군,,6897
2019,7,충청북도,음성군,,7912
2019,8,충청북도,음성군,,6430
2019,9,충청북도,음성군,,9414
2019,10,충청북도,음성군,,6785
2019,11,충청북도,음성군,,5803
2019,12,충청북도,음성군,,7272
2020,1,충청북도,음성군,,6225
2020,2,충청북도,음성군,,15819
2020,3,충청북도,음성군,,16518
2020,4,충청북도,음성군,,8893
2020,5,충청북도,음성군,,12017
2020,6,충청북도,음성군,,9253
2020,7,충청북도,음성군,,8158
2020,8,충청북도,음성군,,15853
2020,9,충청북도,음성군,,10215
2020,10,충청북도,음성군,,8492
2020,11,충청북도,음성군,,14127
2020,12,충청북도,음성군,,15535
2021,1,충청북도,음성군,,10704
2021,2,충청북도,음성군,,8534
2021,3,충청북도,음성군,,10747
2021,4,충청북도,음성군,,10962
2021,5,충청북도,음성군,,12111
2021,6,충청북도,음성군,,11482
2021,7,충청북도,음성군,,12197
2021,8,충청북도,음성군,,13116
2021,9,충청북도,음성군,,10164
2021,10,충청북도,음성군,,12105
2021,11,충청북도,음성군,,11451
2021,12,충청북도,음성군,,13927
2022,1,충청북도,음성군,,7533
2022,2,충청북도,음성군,,6159
2022,3,충청북도,음성군,,6804
2022,4,충청북도,음성군,,5966
2022,5,충청북도,음성군,,8467
2022,6,충청북도,음성군,,13370
2022,7,충청북도,음성군,,8189
2022,8,충청북도,음성군,,9954
2022,9,충청북도,음성군,,9733
2022,10,충청북도,음성군,,8950
2022,11,충청북도,음성군,,8171
2022,12,충청북도,음성군,,7739
2023,1,충청북도,음성군,,8162
2023,2,충청북도,음성군,,7733
2023,3,충청북도,음성군,,8052
2023,4,충청북도,음성군,,9339
2023,5,충청북도,음성군,,12392
2023,6,충청북도,음성군,,9712
2023,7,충청북도,음성군,,9898
2023,8,충청북도,음성군,,9836
2023,9,충청북도,음성군,,9194
2023,10,충청북도,음성군,,9763
2023,11,충청북도,음성군,,8533
2023,12,충청북도,음성군,,7499
2024,1,충청북도,음성군,,8332
2024,2,충청북도,음성군,,8115
2024,3,충청북도,음성군,,8783
2024,4,충청북도,음성군,,9356
2024,5,충청북도,음성군,,12023
2024,6,충청북도,음성군,,10350
2024,7,충청북도,음성군,,10528
2024,8,충청북도,음성군,,9296
2024,9,충청북도,음성군,,9062
2024,10,충청북도,음성군,,9599
2019,1,충청남도,천안시,동남구,8868
2019,2,충청남도,천안시,동남구,8616
2019,3,충청남도,천안시,동남구,10066
2019,4,충청남도,천안시,동남구,10461
2019,5,충청남도,천안시,동남구,10552
2019,6,충청남도,천안시,동남구,10204
2019,7,충청남도,천안시,동남구,10881
2019,8,충청남도,천안시,동남구,11051
2019,9,충청남도,천안시,동남구,8965
2019,10,충청남도,천안시,동남구,10080
2019,11,충청남도,천안시,동남구,13822
2019,12,충청남도,천안시,동남구,11871
2020,1,충청남도,천안시,동남구,12370
2020,2,충청남도,천안시,동남구,11969
2020,3,충청남도,천안시,동남구,13476
2020,4,충청남도,천안시,동남구,16803
2020,5,충청남도,천안시,동남구,14764
2020,6,충청남도,천안시,동남구,14398
2020,7,충청남도,천안시,동남구,12860
2020,8,충청남도,천안시,동남구,12009
2020,9,충청남도,천안시,동남구,10042
2020,10,충청남도,천안시,동남구,10619
2020,11,충청남도,천안시,동남구,11388
2020,12,충청남도,천안시,동남구,9665
2021,1,충청남도,천안시,동남구,7518
2021,2,충청남도,천안시,동남구,8453
2021,3,충청남도,천안시,동남구,9894
2021,4,충청남도,천안시,동남구,12553
2021,5,충청남도,천안시,동남구,14690
2021,6,충청남도,천안시,동남구,12103
2021,7,충청남도,천안시,동남구,12878
2021,8,충청남도,천안시,동남구,13871
2021,9,충청남도,천안시,동남구,12418
2021,10,충청남도,천안시,동남구,12679
2021,11,충청남도,천안시,동남구,14241
2021,12,충청남도,천안시,동남구,12885
2022,1,충청남도,천안시,동남구,11238
2022,2,충청남도,천안시,동남구,9932
2022,3,충청남도,천안시,동남구,11848
2022,4,충청남도,천안시,동남구,12362
2022,5,충청남도,천안시,동남구,15675
2022,6,충청남도,천안시,동남구,15805
2022,7,충청남도,천안시,동남구,17090
2022,8,충청남도,천안시,동남구,20846
2022,9,충청남도,천안시,동남구,18124
2022,10,충청남도,천안시,동남구,20263
2022,11,충청남도,천안시,동남구,19390
2022,12,충청남도,천안시,동남구,18023
2023,1,충청남도,천안시,동남구,19313
2023,2,충청남도,천안시,동남구,18517
2023,3,충청남도,천안시,동남구,22390
2023,4,충청남도,천안시,동남구,24173
2023,5,충청남도,천안시,동남구,26509
2023,6,충청남도,천안시,동남구,24629
2023,7,충청남도,천안시,동남구,26476
2023,8,충청남도,천안시,동남구,27933
2023,9,충청남도,천안시,동남구,26623
2023,10,충청남도,천안시,동남구,28208
2023,11,충청남도,천안시,동남구,26557
2023,12,충청남도,천안시,동남구,23618
2024,1,충청남도,천안시,동남구,25018
2024,2,충청남도,천안시,동남구,24555
2024,3,충청남도,천안시,동남구,27875
2024,4,충청남도,천안시,동남구,31153
2024,5,충청남도,천안시,동남구,30582
2024,6,충청남도,천안시,동남구,27843
2024,7,충청남도,천안시,동남구,30655
2024,8,충청남도,천안시,동남구,26494
2024,9,충청남도,천안시,동남구,26147
2024,10,충청남도,천안시,동남구,27895
2019,1,충청남도,천안시,서북구,13787
2019,2,충청남도,천안시,서북구,11224
2019,3,충청남도,천안시,서북구,13237
2019,4,충청남도,천안시,서북구,12547
2019,5,충청남도,천안시,서북구,14111
2019,6,충청남도,천안시,서북구,13295
2019,7,충청남도,천안시,서북구,14183
2019,8,충청남도,천안시,서북구,13061
2019,9,충청남도,천안시,서북구,13159
2019,10,충청남도,천안시,서북구,13895
2019,11,충청남도,천안시,서북구,14443
2019,12,충청남도,천안시,서북구,14962
2020,1,충청남도,천안시,서북구,15702
2020,2,충청남도,천안시,서북구,17176
2020,3,충청남도,천안시,서북구,19455
2020,4,충청남도,천안시,서북구,25053
2020,5,충청남도,천안시,서북구,23798
2020,6,충청남도,천안시,서북구,20249
2020,7,충청남도,천안시,서북구,17888
2020,8,충청남도,천안시,서북구,17124
2020,9,충청남도,천안시,서북구,13491
2020,10,충청남도,천안시,서북구,13741
2020,11,충청남도,천안시,서북구,14406
2020,12,충청남도,천안시,서북구,12743
2021,1,충청남도,천안시,서북구,9636
2021,2,충청남도,천안시,서북구,9991
2021,3,충청남도,천안시,서북구,12513
2021,4,충청남도,천안시,서북구,14175
2021,5,충청남도,천안시,서북구,16618
2021,6,충청남도,천안시,서북구,14316
2021,7,충청남도,천안시,서북구,15967
2021,8,충청남도,천안시,서북구,16347
2021,9,충청남도,천안시,서북구,15306
2021,10,충청남도,천안시,서북구,14240
2021,11,충청남도,천안시,서북구,16685
2021,12,충청남도,천안시,서북구,17693
2022,1,충청남도,천안시,서북구,15431
2022,2,충청남도,천안시,서북구,11991
2022,3,충청남도,천안시,서북구,13855
2022,4,충청남도,천안시,서북구,15246
2022,5,충청남도,천안시,서북구,19300
2022,6,충청남도,천안시,서북구,17863
2022,7,충청남도,천안시,서북구,19721
2022,8,충청남도,천안시,서북구,22009
2022,9,충청남도,천안시,서북구,22056
2022,10,충청남도,천안시,서북구,23627
2022,11,충청남도,천안시,서북구,23758
2022,12,충청남도,천안시,서북구,22721
2023,1,충청남도,천안시,서북구,24550
2023,2,충청남도,천안시,서북구,24737
2023,3,충청남도,천안시,서북구,28930
2023,4,충청남도,천안시,서북구,30779
2023,5,충청남도,천안시,서북구,33696
2023,6,충청남도,천안시,서북구,32619
2023,7,충청남도,천안시,서북구,35379
2023,8,충청남도,천안시,서북구,39178
2023,9,충청남도,천안시,서북구,34934
2023,10,충청남도,천안시,서북구,35687
2023,11,충청남도,천안시,서북구,39295
2023,12,충청남도,천안시,서북구,38716
2024,1,충청남도,천안시,서북구,40811
2024,2,충청남도,천안시,서북구,38041
2024,3,충청남도,천안시,서북구,46235
2024,4,충청남도,천안시,서북구,46350
2024,5,충청남도,천안시,서북구,47635
2024,6,충청남도,천안시,서북구,38556
2024,7,충청남도,천안시,서북구,37311
2024,8,충청남도,천안시,서북구,33577
2024,9,충청남도,천안시,서북구,30576
2024,10,충청남도,천안시,서북구,30648
